HRV_MeanNN,HRV_SDNN,HRV_RMSSD,HRV_SDSD,HRV_pNN50,HRV_pNN20,HRV_IQRNN,HRV_HTI,HRV_TINN,HRV_HFn,HRV_LnHF,ECG_R_Peaks_Count
847.8354978354978,145.41992379395595,105.15537580753771,106.31848758875367,39.39393939393939,63.63636363636363,188.57142857142856,16.5,0.0,0.7898954486675487,-4.562361077675887,34
999.9999999999998,96.74053007261308,102.18512094135299,104.11826365401562,50.0,67.85714285714286,82.5,9.333333333333334,265.625,0.9730282884318144,-2.5561890505797917,29
892.7678571428571,165.05786784236872,99.60289818669405,98.3446488544542,50.0,65.625,125.71428571428567,10.666666666666666,531.25,0.9430090107472363,-3.6244867073315024,33
967.5238095238095,91.58386851964539,92.82189554599489,93.95245306117305,50.0,76.66666666666667,116.42857142857144,10.0,85.9375,0.9894887982905519,-2.754749179155984,31
914.7465437788017,81.00507004941589,66.46977728650072,67.60047387080994,32.25806451612903,70.96774193548387,112.85714285714278,15.5,46.875,0.9321014858047983,-3.913966706832183,32
829.8319327731093,80.05777498343154,57.39231264743048,58.27679696873418,38.23529411764706,73.52941176470588,110.71428571428578,8.5,54.6875,0.9244431037201334,-3.4904475109642914,35
788.918918918919,45.64653387755334,47.00919001193521,47.61067953684842,27.027027027027028,64.86486486486487,48.571428571428555,7.4,85.9375,0.9658250352041727,-2.170662889397459,38
895.2232142857142,96.99542171382656,77.97258173424905,79.2597970399615,50.0,78.125,154.64285714285722,10.666666666666666,281.25,0.9698011182404117,-3.213385481302279,33
887.965367965368,91.04413477774025,86.80445124014112,88.19003985909582,54.54545454545454,75.75757575757575,94.2857142857141,6.6,101.5625,0.9912052921993806,-2.5190611498620727,34
869.1774891774893,103.86413706002304,60.10938158974888,61.05171886657679,45.45454545454545,69.6969696969697,162.8571428571429,11.0,23.4375,0.9892686652469311,-4.666831309444533,34
873.8095238095239,63.65130081340125,73.75540450622958,74.87018334984033,30.303030303030305,60.60606060606061,65.71428571428567,8.25,93.75,0.9767531976249434,-2.040701546871317,34
856.7647058823528,136.52924995925883,89.975603097462,91.34205609751301,47.05882352941176,76.47058823529412,149.9999999999999,8.5,109.375,0.9858357999183776,-4.481064121543008,35
840.2100840336135,77.98968610190383,62.89304366342297,63.71366450884247,55.88235294117647,79.41176470588235,112.5,8.5,125.0,0.927995813722199,-3.9634640885435037,35
906.3839285714287,112.35112854903126,93.99585384382033,95.35832656600317,65.625,84.375,122.14285714285711,6.4,179.6875,0.9861723133083059,-3.3681909998590953,33
1093.901098901099,93.34295569744914,98.36666101886351,100.38080554791829,53.84615384615385,73.07692307692307,142.5,13.0,93.75,0.9404469494558579,-2.683374873541853,27
1107.5274725274726,96.53639067872139,117.16376120104503,119.41985614133155,76.92307692307693,92.3076923076923,141.78571428571445,8.666666666666666,242.1875,0.9761694606575719,-2.199287502562927,27
1028.469387755102,80.66047142813888,94.15535320234906,95.94226852974226,60.71428571428571,82.14285714285714,104.28571428571422,9.333333333333334,101.5625,0.9857007941167824,-2.035750840680128,29
1082.857142857143,155.10417828817177,163.83814810815642,166.19791905833156,69.23076923076923,84.61538461538461,127.85714285714278,13.0,85.9375,0.9809490064267933,-2.4740540554249457,27
1112.857142857143,112.63993564469406,94.83426287458553,96.19713811668048,64.0,72.0,148.57142857142867,5.0,296.875,0.9757482370223554,-3.357911575544782,26
1129.2857142857142,83.27603472298428,110.92082118082516,113.12800527823035,65.38461538461539,84.61538461538461,109.64285714285734,13.0,109.375,0.9599759082530193,-2.1890752177679227,27
1104.010989010989,169.05210848911466,186.67378509264856,189.94180992204582,73.07692307692307,88.46153846153845,235.0,13.0,0.0,0.9826174362411957,-2.4734171677859815,27
1137.7142857142856,85.06700040452309,97.71452937869927,99.79215311993391,52.0,84.0,85.714285714286,8.333333333333334,140.625,0.955836692171656,-2.706784516550653,26
1049.6825396825395,111.8759217766036,110.32562052021784,112.37641388985553,51.85185185185185,85.18518518518519,160.71428571428578,13.5,125.0,0.9796441996812764,-2.9902802574566274,28
1066.6483516483515,92.35419158487994,95.21833128261021,97.18038490808915,57.692307692307686,80.76923076923077,122.85714285714289,6.5,187.5,0.9740496075974483,-2.4646557461341354,27
956.2857142857141,105.25569550199516,112.93132188348127,114.63938502791159,73.33333333333333,93.33333333333333,124.28571428571422,7.5,125.0,0.9835493715530108,-2.1517689945786773,31
1216.024844720497,66.12794216529448,84.22515984562096,86.20627714544524,60.86956521739131,73.91304347826086,80.0,11.5,62.5,0.9951787427243659,-2.3569311763156233,24
1167.7380952380952,145.22504438529546,147.0674594259564,150.36684457917335,54.166666666666664,79.16666666666666,180.3571428571429,12.0,335.9375,0.9670008181495006,-3.1552743471160576,25
1106.2285714285715,88.22501380688186,99.53933007255235,101.24248450349931,64.0,88.0,108.57142857142867,8.333333333333334,242.1875,0.964105007661139,-2.2122393766019757,26
1101.314285714286,125.36811103827851,129.38039153707075,131.99983867054758,80.0,88.0,165.71428571428578,8.333333333333334,375.0,0.9890471043292507,-2.6790587679326223,26
1156.904761904762,70.82185389869457,99.7334513251244,101.72656458409858,54.166666666666664,75.0,117.85714285714289,8.0,171.875,0.9768338865781109,-2.174311298285006,25
1107.9120879120878,91.232137883158,124.9999183673203,127.33070660110789,69.23076923076923,88.46153846153845,154.9999999999999,8.666666666666666,218.75,0.9690013021885504,-2.1645268367996007,27
1099.5054945054947,103.71778215884568,103.56265972731642,105.15204411209697,61.53846153846154,84.61538461538461,161.78571428571422,8.666666666666666,125.0,0.9735932057278031,-2.2190663589268866,27
1086.3186813186812,139.97677537796022,150.97776562886907,152.99897736530767,69.23076923076923,92.3076923076923,182.1428571428571,13.0,187.5,0.9518912714157097,-2.4305047285497605,27
984.1871921182266,141.8890314130988,117.29861471721335,119.0552718628681,37.93103448275862,68.96551724137932,131.42857142857156,9.666666666666666,242.1875,0.9715141173755117,-3.260313895651751,30
1090.3703703703702,170.81235060649527,183.12244661771814,186.74830482860597,77.77777777777779,81.48148148148148,242.8571428571429,13.5,54.6875,0.990685273083452,-2.7363838700894196,28
1102.4175824175823,81.87373975925622,94.56020649861779,96.50966607681593,61.53846153846154,76.92307692307693,140.71428571428578,8.666666666666666,218.75,0.9542504435196499,-2.439429497661411,27
1072.9100529100529,109.81108473147371,94.00599533304097,95.86727153707001,70.37037037037037,81.48148148148148,152.14285714285734,9.0,132.8125,0.9412854550524619,-3.931289656907681,28
1145.2,102.55733422199064,124.50343546335128,127.17354585779842,56.00000000000001,84.0,108.57142857142867,8.333333333333334,351.5625,0.9878785232799355,-2.480564269052386,26
1126.9780219780218,136.10639711042208,88.15061322670937,89.29055224987941,76.92307692307693,88.46153846153845,131.42857142857156,8.666666666666666,414.0625,0.984610073946957,-3.1280620341887238,27
1131.9428571428573,154.487236114991,171.87590445031046,175.20005888397648,68.0,80.0,141.42857142857156,12.5,15.625,0.9888099729396596,-2.398233466615021,26
1165.7142857142856,74.15301094918891,96.73599488453058,98.33985351188613,62.5,83.33333333333334,104.64285714285734,8.0,132.8125,0.9796430873944372,-2.145148646708608,25
1126.4,119.08746000000045,128.33808189818845,131.02319278742448,68.0,84.0,158.57142857142867,12.5,164.0625,0.9884636717789255,-2.566442155129795,26
1087.142857142857,147.30866578083155,129.09447941482475,131.1587411673937,74.07407407407408,88.88888888888889,246.42857142857144,13.5,203.125,0.983649206665851,-3.380204046264572,28
1195.0595238095239,81.82911096523378,93.23192403502357,94.13154927122991,54.166666666666664,75.0,70.71428571428578,4.0,343.75,0.9733524070814809,-2.5853382167092183,25
1118.6263736263736,70.71123314534717,86.22987786570678,87.70067367623422,53.84615384615385,76.92307692307693,97.50000000000023,13.0,140.625,0.9582369165397718,-2.385652310780835,27
1090.10989010989,116.22913546493506,125.13894318732608,127.7191860144375,61.53846153846154,84.61538461538461,129.28571428571445,8.666666666666666,390.625,0.9861625154048976,-2.980721298628059,27
1130.857142857143,160.8433344322746,175.81249675038876,179.13934536464973,72.0,80.0,197.14285714285734,12.5,179.6875,0.9878800765364882,-2.456324577017209,26
1176.8,49.13413543867567,68.73863542433766,70.17491982871506,56.00000000000001,76.0,70.0,5.0,148.4375,0.9607072418985759,-2.3834813101379115,26
1123.4285714285716,69.36053888012621,91.81929161633289,93.79381062503344,56.00000000000001,80.0,98.57142857142867,6.25,125.0,0.9402733095806317,-2.4080648954707633,26
1090.6593406593406,130.2062607161051,126.24563035477101,128.70051720662087,50.0,76.92307692307693,121.78571428571422,8.666666666666666,281.25,0.9764603607716852,-3.0032831962468376,27
1141.542857142857,66.67379213621449,81.088995369705,82.78373184692397,52.0,72.0,115.71428571428578,8.333333333333334,210.9375,0.9583728543978368,-2.436843837970727,26
1052.6455026455026,176.44300946560176,208.18645790705736,212.29371555477152,66.66666666666666,77.77777777777779,122.85714285714278,9.0,437.5,0.9624255207134087,-2.3976717281549185,28
1132.5274725274726,125.89033626967183,153.77083399577145,156.9284251251025,76.92307692307693,88.46153846153845,196.07142857142867,13.0,273.4375,0.9880558568105359,-2.2847441427950965,27
1101.9230769230767,137.63598384955688,154.78596150023108,157.61286853087415,65.38461538461539,88.46153846153845,177.14285714285734,13.0,179.6875,0.9802835965830989,-2.342224327002988,27
1200.7738095238094,120.75625288842542,162.66224580762469,166.26990228706447,83.33333333333334,87.5,172.8571428571429,12.0,109.375,0.9936334545664589,-2.5135590612336665,25
1198.3333333333333,90.4878493087493,137.97656784461353,141.0638144883583,75.0,83.33333333333334,149.28571428571422,12.0,54.6875,0.9635024937354836,-2.1116559819541267,25
1189.2261904761906,107.64064831133703,143.1255242974243,146.01929415784326,70.83333333333334,83.33333333333334,132.50000000000023,12.0,132.8125,0.9860395557963832,-2.2852796689610013,25
1120.7692307692307,138.13641927337747,142.73137320841266,145.62060480652346,57.692307692307686,80.76923076923077,121.78571428571445,13.0,343.75,0.9802814516112633,-2.8581312574287034,27
1130.0571428571427,133.4048362696647,152.42317123472958,155.5246532733829,64.0,76.0,162.8571428571429,8.333333333333334,335.9375,0.92735587222736,-2.777419404142825,26
1115.2197802197802,91.15310493906063,118.84134510397656,121.25963037707017,73.07692307692307,80.76923076923077,132.8571428571429,8.666666666666666,148.4375,0.9730400788500839,-2.3133041543411936,27
1145.7142857142858,114.37273472720496,121.9467236188023,124.55871530374303,72.0,88.0,140.00000000000023,12.5,273.4375,0.9804591562116021,-2.044938279429607,26
950.2380952380951,192.27446491125207,115.33965994804974,116.53282139315002,40.0,66.66666666666666,316.07142857142856,15.0,23.4375,0.9512934513491196,-3.366753903568943,31
959.7619047619045,228.19337063771724,116.22250493974342,116.73544435618469,50.0,73.33333333333333,323.92857142857156,15.0,0.0,0.9541761814992271,-4.168605987130446,31
1067.037037037037,133.44248105364684,112.27733939631467,114.16241975699526,66.66666666666666,88.88888888888889,185.71428571428578,13.5,210.9375,0.9840058267292253,-3.911903322162738,28
1160.9142857142858,147.0277404525589,136.35219752063946,138.30670697305197,76.0,92.0,215.71428571428578,8.333333333333334,398.4375,0.9951356171301604,-2.6672906126726272,26
1040.969387755102,107.42013755270031,61.91636032982577,62.67455999811739,39.285714285714285,71.42857142857143,121.7857142857141,9.333333333333334,195.3125,0.9194309215609336,-4.1070294751080185,29
791.4285714285713,104.42512348086628,75.55933316267647,76.25330792591888,47.22222222222222,80.55555555555556,154.28571428571422,7.2,54.6875,0.9861847456749638,-3.0627049285820505,37
899.3303571428571,145.7269283279335,148.62924256205034,151.05726439103066,56.25,81.25,190.0000000000001,10.666666666666666,85.9375,0.9874058853590925,-2.1833113059773686,33
1067.4603174603176,117.96304488329004,140.82371491094344,143.3289461804098,66.66666666666666,81.48148148148148,189.28571428571445,13.5,101.5625,0.9881753414212908,-2.3553749392991623,28
1063.968253968254,172.78462439104644,175.26745653053032,177.99825374410216,66.66666666666666,85.18518518518519,243.57142857142867,13.5,125.0,0.9733246853170254,-2.305201477271369,28
1096.6483516483515,129.40740432886145,144.54658171577177,147.27451345336422,76.92307692307693,84.61538461538461,178.92857142857133,13.0,93.75,0.9692412712847109,-2.859636342280777,27
1088.8461538461538,108.02722198935707,127.3962162639352,129.93737371686169,76.92307692307693,92.3076923076923,161.07142857142867,13.0,281.25,0.9825365996869907,-2.418874144256109,27
883.75,107.98760687677544,111.72328979471696,112.72618741421388,59.375,78.125,91.07142857142844,6.4,148.4375,0.9746238232868203,-2.3673280907778365,33
651.038961038961,68.80798319344818,31.36659549213093,31.39695091373963,11.363636363636363,40.909090909090914,119.28571428571433,8.8,187.5,0.853385723123255,-4.6804532439886275,45
475.0117096018735,21.356422906832698,5.44296337854078,5.371637641252614,0.0,0.0,34.285714285714334,3.588235294117647,0.0,0.8711700877745944,-4.622846007869627,62
510.17543859649123,39.15383260345348,10.594569267279518,10.447704003772182,0.0,8.771929824561402,47.14285714285711,11.4,0.0,0.993628882033704,-4.149769472278895,58
603.5119047619047,46.541675032552504,25.677954746538163,25.883289679383033,4.166666666666666,29.166666666666668,77.857142857143,8.0,15.625,0.9664638601167715,-3.4038203247768606,49
645.7142857142858,72.20744183788675,44.35687621477044,44.6266627226179,15.555555555555555,48.888888888888886,60.0,7.5,117.1875,0.8674066189217781,-3.9696768908759137,46
719.9285714285714,101.68283149493227,53.50019684329266,54.17029829971277,37.5,57.49999999999999,98.21428571428578,8.0,93.75,0.9856378624106978,-3.810425768324873,41
742.4542124542123,101.93400948550199,61.64631804466522,62.45791685654467,35.8974358974359,71.7948717948718,138.57142857142856,13.0,39.0625,0.9654735998673551,-3.7513991067328623,40
610.5059523809524,75.59719660164706,48.68126326386463,49.152130779887216,10.416666666666668,35.41666666666667,72.14285714285711,9.6,31.25,0.9938177605699541,-4.481517975054464,49
754.6153846153845,113.86362918593548,112.62205456783568,114.09001355441669,41.02564102564102,58.97435897435898,147.14285714285722,19.5,23.4375,0.7387139093927549,-3.1990198849731164,40
767.2932330827068,127.41296607602183,91.75526815019914,92.99949488521993,39.473684210526315,57.89473684210527,222.1428571428571,19.0,0.0,0.9377721704031309,-3.053606377362357,39
753.9097744360903,93.18929854034127,73.15858602598581,74.16225344306982,39.473684210526315,71.05263157894737,149.64285714285722,12.666666666666666,54.6875,0.9735287695307828,-3.8567114872082864,39
954.9047619047619,140.85377714248125,108.0086529231024,109.57378333419493,50.0,70.0,208.21428571428555,15.0,0.0,0.9835286717772886,-4.444161623205982,31
775.7915057915056,85.92496987131368,66.90264358619068,67.84860908267878,43.24324324324324,67.56756756756756,124.28571428571422,12.333333333333334,132.8125,0.9858430507291923,-2.915397236160527,38
663.961038961039,68.07047329241794,37.26341283890228,37.696487293217984,13.636363636363635,52.27272727272727,92.85714285714289,8.8,31.25,0.9830706038710487,-3.409876380710052,45
612.4924012158056,35.79923819921125,23.844177679845426,24.085379205483786,2.127659574468085,36.17021276595745,38.571428571428555,5.222222222222222,62.5,0.9910659285284898,-3.0025460919570186,48
616.7781155015197,41.09791809560352,18.71895537018139,18.870606064528772,0.0,31.914893617021278,59.28571428571422,7.833333333333333,39.0625,0.9752125655446805,-3.8589853488731185,48
662.1753246753246,70.26864757570085,36.41244513099411,36.83300841276825,18.181818181818183,54.54545454545454,108.92857142857156,7.333333333333333,39.0625,0.9945760832280687,-3.574137546374137,45
717.5714285714287,105.72329433945194,65.74613020428919,65.4562372106902,20.0,50.0,163.21428571428567,10.0,0.0,0.9746446195328051,-4.17755147713305,41
766.6541353383458,89.52979845531583,62.24695049648148,62.80944721387358,31.57894736842105,71.05263157894737,104.28571428571433,12.666666666666666,70.3125,0.9835498343063673,-3.6152629295315313,39
779.8069498069499,75.85952090416713,52.97391648409997,53.53593684481142,27.027027027027028,54.054054054054056,108.57142857142867,12.333333333333334,171.875,0.9759794265518535,-3.3768336785823863,38
788.3397683397682,115.28851391808918,73.84177482801024,74.88399407641836,37.83783783783784,72.97297297297297,160.0,9.25,109.375,0.9774206685127765,-3.4887678235843205,38
788.0555555555555,119.64483533072038,90.13336409795856,91.37824995727746,33.33333333333333,77.77777777777779,111.42857142857144,12.0,70.3125,0.9758330690197633,-4.201988929059014,37
866.0173160173161,143.59885913142426,90.70444266058496,92.14437536705138,48.484848484848484,84.84848484848484,230.0,16.5,78.125,0.9914556486325387,-3.7208826944639752,34
788.6486486486485,159.07682435946847,89.6690185059399,89.72024872942545,40.54054054054054,70.27027027027027,178.57142857142856,12.333333333333334,125.0,0.988890744765997,-4.4793394047081945,38
715.4285714285714,135.01485469758867,48.03190985383801,48.40506102179417,20.0,50.0,215.71428571428567,8.0,46.875,0.9425652026289393,-6.160164100632934,41
1074.4973544973545,124.1041389967435,153.43272550498136,156.20121467596857,70.37037037037037,85.18518518518519,177.1428571428571,13.5,0.0,0.9758689922390424,-2.2778753950356125,28
1068.412698412698,108.52539027758986,144.31617565515654,147.1188927460568,81.48148148148148,96.29629629629629,154.28571428571422,6.75,117.1875,0.9680473385910691,-2.279265030492787,28
1029.1326530612246,104.20366365986473,125.29933924091588,127.60585739062958,53.57142857142857,75.0,113.21428571428567,14.0,109.375,0.9475815737128258,-2.742580896520586,29
1095.257142857143,100.70222825494083,122.51162654807825,124.98362803165007,56.00000000000001,80.0,138.57142857142867,12.5,31.25,0.9939235908631504,-1.967948031081382,26
1054.3386243386242,118.04362967024981,161.64868781761086,164.6412397717989,62.96296296296296,88.88888888888889,169.28571428571422,13.5,171.875,0.9748174461818788,-1.903738371168918,28
1082.9100529100529,170.7116333793137,192.40259824549398,196.16298128757506,70.37037037037037,85.18518518518519,254.28571428571445,13.5,117.1875,0.9954941215888673,-2.366446308310474,28
1016.0714285714284,110.12370217533193,125.14722999777061,127.07447182962649,60.71428571428571,78.57142857142857,183.57142857142844,14.0,125.0,0.989763983420548,-2.237377899135737,29
1028.7244897959185,101.77958435878512,131.83454666601392,134.3230102608195,64.28571428571429,82.14285714285714,97.14285714285711,14.0,218.75,0.9538862914503675,-3.5591094217289627,29
994.7290640394087,137.9420291938466,135.910974549208,138.32418077527308,51.724137931034484,86.20689655172413,140.0,9.666666666666666,367.1875,0.9938008708300503,-2.862852735110097,30
923.4562211981568,78.09968703374226,80.87783682688305,82.26023597526947,58.06451612903226,67.74193548387096,93.57142857142856,7.75,164.0625,0.97879311366572,-2.6137658178862386,32
888.2589285714286,125.85859667164323,106.29278753531517,107.57938722463847,43.75,65.625,148.21428571428578,10.666666666666666,70.3125,0.9960437413902165,-2.756855860047634,33
902.7678571428571,85.97574370481354,82.9055952405243,83.99805111797112,46.875,68.75,156.78571428571422,8.0,54.6875,0.9486271577953668,-3.1951097898409513,33
838.6974789915967,100.12198351418604,75.08354448096043,76.22426367982328,41.17647058823529,76.47058823529412,174.28571428571422,11.333333333333334,148.4375,0.9880995134539993,-3.9936641518889937,35
938.6175115207375,117.85294876864558,100.88823208952401,102.61155912771112,41.935483870967744,67.74193548387096,176.42857142857122,10.333333333333334,281.25,0.9880252798938423,-3.16566995613419,32
906.1160714285714,92.45551881409607,70.04982708887323,71.17925767891755,50.0,75.0,165.35714285714278,10.666666666666666,125.0,0.9794421941470866,-3.282641674296914,33
886.1904761904763,176.9229866277384,160.09224859818943,162.45113079926278,45.45454545454545,75.75757575757575,247.1428571428571,11.0,78.125,0.9799072596558743,-2.9133309712475297,34
881.4285714285714,128.1048080156818,84.29933304018725,85.64239496690993,42.42424242424242,63.63636363636363,170.0,11.0,234.375,0.9607143020056733,-4.250845916873958,34
666.7532467532467,35.166380097558864,23.456631765912476,23.48032183753329,4.545454545454546,25.0,55.357142857143,8.8,39.0625,0.9520481454858318,-3.367843376959639,45
953.4285714285714,177.58113587042476,191.49656905697066,194.401445950369,66.66666666666666,90.0,133.92857142857156,10.0,164.0625,0.9867018606600968,-2.9072574651535574,31
1145.7714285714285,166.70041154983497,145.20891588225797,148.29703469676025,56.00000000000001,72.0,237.1428571428571,12.5,132.8125,0.9896784097829902,-3.581377517434601,26
1143.8857142857144,197.61095221513952,264.7259846308547,270.3852058973921,72.0,84.0,278.57142857142844,12.5,62.5,0.9269048558328103,-2.5016780926897413,26
1160.0595238095239,155.75529642104038,182.5647895837007,186.65941150621825,58.333333333333336,87.5,135.714285714286,8.0,437.5,0.9623277428535576,-2.2804611263565877,25
1155.0857142857144,173.48424226114938,202.23454087719418,206.4718911182492,64.0,84.0,252.8571428571429,8.333333333333334,453.125,0.9927483762245374,-2.938066126382092,26
1042.4338624338623,175.46655225409637,184.59191700661174,188.00354884923266,62.96296296296296,88.88888888888889,305.71428571428555,27.0,0.0,0.9579770219547542,-3.0281726854430424,28
1158.0000000000002,73.49047788751994,86.45316454511048,88.19788659062947,36.0,56.00000000000001,85.714285714286,8.333333333333334,242.1875,0.9489642087885471,-2.6864405521689054,26
1178.452380952381,136.9958559122107,122.35343802972184,124.34894579788528,66.66666666666666,87.5,141.07142857142844,12.0,414.0625,0.9738592591959975,-2.1708348258632224,25
1186.0714285714287,170.56004102774477,214.8836378536389,219.69840070222173,75.0,79.16666666666666,163.57142857142867,8.0,398.4375,0.9901142662527085,-2.602739398188491,25
1157.2571428571428,146.84083659703455,175.525692442682,179.28824039529258,76.0,88.0,154.28571428571422,12.5,328.125,0.9830617521393974,-2.0750897611286327,26
1201.8012422360248,102.73280489022504,106.37168356726829,108.77257755708649,65.21739130434783,86.95652173913044,116.4285714285711,7.666666666666667,304.6875,0.9900233979329794,-2.414425683384889,24
1153.0357142857144,114.5356835396907,138.8579991283059,141.9593471364699,75.0,87.5,176.4285714285718,12.0,203.125,0.9602932970713554,-2.457196697347656,25
1183.7888198757767,148.69975021323694,191.58914567927647,196.0769157864336,65.21739130434783,73.91304347826086,171.42857142857156,11.5,328.125,0.9805254591088951,-2.9640736622468844,24
1066.6666666666667,192.7333750188427,195.43595352679154,199.30060600550144,70.37037037037037,77.77777777777779,297.8571428571429,9.0,484.375,0.97771308942801,-3.0613947428876815,28
1171.25,142.5296323429961,150.5231928584014,153.89010702423022,45.83333333333333,75.0,114.64285714285734,8.0,398.4375,0.9474795217508849,-2.402887544706515,25
1196.6666666666667,79.76525749265136,116.5501594285553,119.11839040757022,75.0,83.33333333333334,96.78571428571422,12.0,0.0,0.996651372604985,-2.19146274126898,25
1196.0119047619048,96.4424689011495,129.85726926723788,132.745015007863,66.66666666666666,79.16666666666666,130.3571428571429,8.0,15.625,0.9945353983173743,-2.0934077592704767,25
1050.1020408163265,103.48641179287237,120.45517101284584,122.69499289959926,71.42857142857143,82.14285714285714,138.57142857142856,14.0,0.0,0.9933881962333762,-1.9430867085495207,29
1233.7888198757762,90.30006533121833,128.5447302727364,131.5583774566837,65.21739130434783,86.95652173913044,104.28571428571422,7.666666666666667,242.1875,0.9334201687315957,-2.2457479868158168,24
1206.9642857142856,101.19806937775674,133.6206605387202,136.62368793346715,58.333333333333336,87.5,175.3571428571429,12.0,78.125,0.9946385792053686,-2.2181350218690903,25
1136.057142857143,106.91108264271172,135.72650320946673,138.63116628735918,68.0,84.0,162.8571428571429,12.5,46.875,0.8819228698555425,-2.8074570703531307,26
818.8979591836734,97.48092786916617,55.72613534836545,55.89105048046175,40.0,74.28571428571429,110.00000000000011,11.666666666666666,125.0,0.9758072907055101,-3.9033680432356443,36
892.6785714285713,156.70015143213647,149.42813967565013,151.68434764683053,62.5,75.0,251.07142857142844,10.666666666666666,78.125,0.9455718118944529,-4.455174923258499,33
857.056277056277,127.848632694605,89.29107126786676,90.59944788578285,36.36363636363637,54.54545454545454,90.0,8.25,101.5625,0.8353462173288803,-3.993010430165208,34
1174.345238095238,185.34577828307494,159.64440298277515,162.9934939917826,79.16666666666666,83.33333333333334,260.7142857142858,12.0,351.5625,0.9154833815573791,-3.703873896006779,25
1255.2173913043478,127.12505981934783,137.48941602038042,140.30213633512383,52.17391304347826,82.6086956521739,163.57142857142844,7.666666666666667,351.5625,0.9872098224338264,-2.9144430307622318,24
1182.3809523809523,194.69616247309796,152.9598540390537,156.27621503084586,75.0,87.5,225.71428571428555,8.0,351.5625,0.9905154837331778,-4.4502257502766716,25
1145.7714285714287,150.56496778404173,142.58843776770266,144.8976425839383,56.00000000000001,72.0,197.1428571428571,12.5,179.6875,0.9902596188043002,-3.9200285930660934,26
1228.8198757763973,149.67537673115376,155.7270934801802,159.38010769719585,60.86956521739131,73.91304347826086,107.85714285714266,7.666666666666667,296.875,0.9918170388376233,-3.394716589860212,24
1152.9714285714285,149.80027519660837,145.2197490364313,147.7165242851308,68.0,84.0,272.8571428571429,12.5,148.4375,0.9967588843673705,-3.601967863167264,26
1066.931216931217,190.69718559535173,178.56527461923557,182.09659830595322,66.66666666666666,88.88888888888889,336.42857142857133,13.5,0.0,0.9945362884406963,-3.546548442419166,28
1087.4074074074076,201.53221440703936,144.18040983728588,146.1902697735117,40.74074074074074,77.77777777777779,271.42857142857156,6.75,406.25,0.9836279853418883,-3.920991985716457,28
1182.6708074534163,222.56487009485298,227.3186039040591,232.6645818953154,60.86956521739131,82.6086956521739,336.42857142857144,11.5,39.0625,0.9927224737829848,-3.0831084350769116,24
1143.8857142857141,154.73398282916676,128.8789312167223,130.84631974462567,60.0,80.0,262.8571428571429,8.333333333333334,0.0,0.9908015803948158,-3.9597449794349404,26
1095.769230769231,199.77476328094104,191.83496308343922,194.76013504842726,53.84615384615385,80.76923076923077,353.57142857142844,13.0,62.5,0.9914787336253784,-3.9090543205990604,27
1072.063492063492,151.62973023643843,159.55516066101896,162.68578800895358,40.74074074074074,77.77777777777779,176.42857142857156,13.5,101.5625,0.9880398226632751,-3.079787764852545,28
1020.9693877551019,159.7584408450108,125.76417961316227,127.87645118110092,60.71428571428571,82.14285714285714,233.92857142857167,9.333333333333334,0.0,0.9915180056031737,-2.890152638224369,29
1084.065934065934,206.98760381208373,185.63492809978473,189.18142679686602,53.84615384615385,84.61538461538461,346.7857142857142,13.0,0.0,0.9698592898358042,-3.649784670171968,27
898.2142857142857,68.79284528837508,59.08340920193227,60.05823375473162,37.5,81.25,98.21428571428567,10.666666666666666,156.25,0.9751860384746748,-3.9376326783611626,33
998.2266009852217,166.86644472447853,174.34717885733113,177.1646171990942,65.51724137931035,82.75862068965517,188.57142857142844,14.5,0.0,0.9705843829246773,-2.5573882859676353,30
943.1797235023043,100.68521003969413,87.88133619660479,89.34820145089643,45.16129032258064,80.64516129032258,168.57142857142844,10.333333333333334,312.5,0.9303366228451585,-3.242516989733256,32
992.8078817733988,134.42864883134507,162.93410283267653,165.88853012540585,55.172413793103445,72.41379310344827,140.0,14.5,78.125,0.9619924207901411,-2.4062406801880765,30
993.6453201970444,138.28003562240715,73.6184711895836,74.95901050299393,34.48275862068966,62.06896551724138,211.42857142857133,9.666666666666666,382.8125,0.9920292044132402,-4.676822102001716,30
1120.8571428571427,139.61255912942312,192.10921992697897,196.15424096020098,64.0,80.0,165.71428571428578,12.5,0.0,0.8442545918562446,-2.191521933534386,26
1188.5119047619048,106.04236414375757,112.67222841455046,113.62879381094992,75.0,79.16666666666666,164.28571428571422,8.0,343.75,0.9413691540097444,-2.205536693049166,25
1159.3714285714286,143.48497752555912,121.93033585913345,123.89654928438694,56.00000000000001,72.0,138.57142857142867,12.5,281.25,0.9858908920748221,-3.489537686350913,26
1056.2962962962963,183.69240006842375,142.0305757870422,144.27881606837175,62.96296296296296,77.77777777777779,263.57142857142867,9.0,39.0625,0.9823674022136893,-3.3814625898377626,28
992.5123152709358,145.12418286002227,141.0084462867323,143.5163926959746,44.827586206896555,79.3103448275862,192.85714285714278,14.5,109.375,0.9832338324159697,-3.3959212554465146,30
877.7056277056276,128.20977876775214,113.88937973457635,115.34842172166924,48.484848484848484,75.75757575757575,104.28571428571433,11.0,31.25,0.976372042995597,-3.5844176691837517,34
1123.1868131868132,87.88518269605876,94.9427324705772,96.89418451691144,61.53846153846154,73.07692307692307,117.5,13.0,31.25,0.9747571178378767,-3.2392952390615615,27
1044.3386243386244,126.97017627885224,124.67603229902417,127.14110382789104,59.25925925925925,81.48148148148148,164.2857142857141,13.5,31.25,0.8774938962490687,-3.866806696919464,28
1198.154761904762,113.09039436069621,156.45019561816417,159.65928270288057,79.16666666666666,87.5,148.21428571428578,8.0,171.875,0.9924578833161002,-2.1490511157069725,25
1074.6560846560849,160.17827224669406,164.78948084883984,167.9357356341489,70.37037037037037,92.5925925925926,217.8571428571429,9.0,296.875,0.9963330992021535,-2.95512634868637,28
1119.942857142857,105.88666769030849,130.9810574662076,133.72453056168345,64.0,84.0,150.0,8.333333333333334,242.1875,0.9681962678964164,-2.7025036036645287,26
1144.8809523809523,123.35081852440959,136.70283965922653,139.48397622702984,75.0,83.33333333333334,157.14285714285734,12.0,140.625,0.9855257610923024,-2.2481949952140847,25
1103.2967032967033,211.70706339359074,214.98400510033207,219.41685236563035,69.23076923076923,84.61538461538461,215.0,13.0,125.0,0.9876354839819906,-3.3383663124455403,27
1158.9714285714285,68.86410753159043,83.96377174702428,85.43222656409873,36.0,76.0,74.28571428571445,8.333333333333334,171.875,0.9897713954974922,-3.161047724753746,26
1029.5408163265306,155.67086117061442,119.56743654560043,121.57280332589998,64.28571428571429,78.57142857142857,237.857142857143,14.0,78.125,0.9934516438910511,-3.892197482299866,29
1168.1142857142856,93.90862543969428,100.82609464094216,102.72274907037382,56.00000000000001,84.0,104.28571428571445,12.5,210.9375,0.9956517515825355,-2.558847753623851,26
1116.8,150.91854810879045,113.38409227467659,115.5770727507726,52.0,76.0,158.57142857142867,12.5,125.0,0.9319762129377833,-4.6841497568883135,26
1176.7857142857144,129.30175597948733,125.48645362892991,127.85704033635312,75.0,83.33333333333334,223.57142857142867,6.0,406.25,0.9773183014225808,-3.7505547149946623,25
960.5238095238094,123.04172371710186,110.67606204941997,112.61811154050145,70.0,83.33333333333334,173.57142857142844,7.5,242.1875,0.9921368054446813,-2.768368473275849,31
985.270935960591,119.65274308731954,145.9352066778437,148.59392090921398,65.51724137931035,89.65517241379311,177.1428571428571,14.5,125.0,0.9864401175574362,-2.3435079603558373,30
997.8817733990147,95.20778311893432,111.25116699358436,112.96386928074203,48.275862068965516,75.86206896551724,100.0,9.666666666666666,140.625,0.948010883676407,-2.5909136956161443,30
1017.8571428571429,138.81667056665378,127.85130488282815,130.07104911731057,50.0,71.42857142857143,196.07142857142867,9.333333333333334,210.9375,0.9966861496152198,-2.468063153728051,29
1034.920634920635,110.34293150313434,97.68754855587864,99.60600563182818,55.55555555555556,74.07407407407408,193.57142857142867,13.5,304.6875,0.8930185127172047,-3.868647890496217,28
1056.7195767195767,96.1167647551867,118.06525083058595,120.31136997675196,55.55555555555556,77.77777777777779,135.71428571428578,6.75,187.5,0.9801586595434738,-2.335220956167529,28
1049.8941798941798,157.21722811847567,145.6622941074552,148.42136335076935,66.66666666666666,85.18518518518519,254.28571428571445,13.5,39.0625,0.9662053471456561,-2.7232770834808093,28
1128.7912087912086,126.20986235773307,123.06029715019332,125.30094385363682,65.38461538461539,76.92307692307693,204.64285714285734,8.666666666666666,421.875,0.9493529138436915,-3.2230691504259568,27
1183.8690476190477,95.05938849489493,128.45992404318906,131.20838723518509,70.83333333333334,91.66666666666666,127.5,8.0,78.125,0.9912982622344332,-2.2693696366925717,25
1151.7714285714285,122.17159227571554,144.02823561045668,146.91019365081905,68.0,80.0,165.714285714286,8.333333333333334,226.5625,0.9805239076781201,-2.450527620852603,26
1087.4074074074074,124.70186552269769,107.855505409301,109.69511050382253,55.55555555555556,81.48148148148148,170.71428571428578,13.5,164.0625,0.9934770470839052,-3.3824855211221245,28
894.8214285714286,185.73121156474687,159.77065524624464,161.9110823741453,53.125,81.25,174.28571428571433,8.0,171.875,0.9593476287453603,-3.3450988580958754,33
1272.1739130434783,138.6442903672264,170.75000984687733,172.3602414465767,47.82608695652174,73.91304347826086,53.57142857142844,5.75,546.875,0.9642698351870735,-3.021958891936509,24
1210.1242236024843,223.86755337741724,270.01855223831507,276.3635608036685,78.26086956521739,86.95652173913044,344.2857142857141,11.5,0.0,0.9898786536389461,-2.49942462673666,24
1194.5962732919254,180.7082317767028,186.04715423584923,190.32282013356198,39.130434782608695,65.21739130434783,218.57142857142867,11.5,140.625,0.9828084216764279,-2.825291947258741,24
1207.7018633540372,153.10317566584794,173.41730638011182,177.48302816021356,60.86956521739131,78.26086956521739,207.85714285714266,11.5,367.1875,0.9871466338310956,-2.724811342797364,24
1178.9142857142856,149.15936781443773,152.5413961881181,155.47900434677635,72.0,84.0,252.85714285714266,12.5,109.375,0.9893367897056913,-3.1667432015126065,26
1162.3428571428572,170.83771190672104,154.94128798060393,158.2228556488899,56.00000000000001,80.0,168.57142857142867,8.333333333333334,375.0,0.984875600711878,-4.578721795485474,26
1164.047619047619,179.269278238305,189.45820103096142,193.6880692289848,66.66666666666666,83.33333333333334,288.21428571428567,12.0,0.0,0.9955095784209301,-3.2822521691664917,25
1186.0119047619046,271.6857164303535,279.7753884244588,285.62584740809183,66.66666666666666,83.33333333333334,418.57142857142844,12.0,0.0,0.9918212799960288,-3.84839729448659,25
1086.084656084656,198.82014331196987,158.92841708845452,162.03614148083403,59.25925925925925,77.77777777777779,371.42857142857144,13.5,0.0,0.9907131104152351,-4.424762996073367,28
1147.8285714285712,222.70794761744085,196.61376551278306,200.80711881007431,60.0,88.0,395.71428571428567,12.5,289.0625,0.9963870378315219,-4.190796702293851,26
1160.4,176.6335420107554,192.09638312098244,196.1582744080704,60.0,88.0,248.57142857142867,12.5,101.5625,0.9827136264347436,-3.1287967675507105,26
1174.107142857143,192.00724277414244,178.8908943607301,182.29632820914176,45.83333333333333,79.16666666666666,192.1428571428571,12.0,382.8125,0.9683658404520334,-3.2477930536616015,25
1096.2087912087914,224.53505423618765,196.4017124494113,200.4359704027511,69.23076923076923,76.92307692307693,395.7142857142858,13.0,78.125,0.979124812696159,-3.935236252154049,27
930.6666666666666,212.90713643514923,121.66334880870969,123.67061262996087,36.666666666666664,63.33333333333333,128.57142857142856,10.0,0.0,0.993786562120911,-4.430701111268518,31
1170.914285714286,97.23199691711466,73.91275423156166,75.49060674412202,28.000000000000004,72.0,91.42857142857133,8.333333333333334,234.375,0.9911039071547189,-3.2253339313522273,26
1144.5142857142857,106.13388413011283,118.69686423082668,121.00749058337188,72.0,76.0,132.8571428571429,12.5,54.6875,0.9741252830260503,-2.7591982469277334,26
1185.0,161.6902732210675,174.94301265053144,178.83555847051588,70.83333333333334,91.66666666666666,138.57142857142867,12.0,328.125,0.9777466090457557,-2.7519993516168073,25
1166.742857142857,158.17814808187714,178.82600900483865,182.37947931444313,72.0,76.0,145.71428571428578,8.333333333333334,414.0625,0.9968681531958536,-2.511753953910524,26
1061.9576719576721,168.18690925270997,129.02088716545376,130.65732861046575,74.07407407407408,88.88888888888889,263.57142857142867,9.0,132.8125,0.9626520855171888,-4.100295687499065,28
712.4285714285713,72.39579566330258,33.59110170977427,34.010770214258265,15.0,37.5,135.3571428571429,6.666666666666667,0.0,0.9009333482776025,-6.018407374894795,41
